loss,grad_norm,learning_rate,epoch,step
1.4290597534179688,2.624715805053711,1.225e-05,0.00624687656171914,50
0.6532560729980469,1.4644020795822144,2.4750000000000002e-05,0.01249375312343828,100
0.3602935791015625,2.0966272354125977,3.7250000000000004e-05,0.018740629685157422,150
0.26373897552490233,1.7928346395492554,4.975e-05,0.02498750624687656,200
0.1947039794921875,2.3199706077575684,6.225000000000001e-05,0.031234382808595702,250
0.1622380256652832,1.0712875127792358,7.475000000000001e-05,0.037481259370314844,300
0.13966498374938965,1.5395960807800293,8.725e-05,0.043728135932033986,350
0.11427875518798829,0.21567897498607635,9.975000000000001e-05,0.04997501249375312,400
0.09673477172851562,1.070320963859558,9.935560231457128e-05,0.05622188905547226,450
0.09890776634216308,0.2740718126296997,9.869805365597055e-05,0.062468765617191405,500
0.08869606971740723,0.7229706048965454,9.804050499736981e-05,0.06871564217891055,550
0.08739354133605957,0.778420627117157,9.738295633876908e-05,0.07496251874062969,600
0.08018336296081544,1.0797827243804932,9.672540768016833e-05,0.08120939530234883,650
0.0738845157623291,0.794452428817749,9.60678590215676e-05,0.08745627186406797,700
0.06968296527862548,0.9762713313102722,9.541031036296686e-05,0.0937031484257871,750
0.0703327465057373,0.8195853233337402,9.475276170436613e-05,0.09995002498750624,800
0.0602510929107666,0.7594608068466187,9.40952130457654e-05,0.10619690154922538,850
0.06001586437225342,0.6105890870094299,9.343766438716466e-05,0.11244377811094453,900
0.05726489543914795,0.6760098338127136,9.278011572856391e-05,0.11869065467266367,950
0.050305962562561035,0.3806747496128082,9.212256706996318e-05,0.12493753123438281,1000
0.05225102424621582,0.6121646165847778,9.146501841136245e-05,0.13118440779610194,1050
0.05513152122497558,0.6641363501548767,9.080746975276171e-05,0.1374312843578211,1100
0.05047935962677002,0.09037581831216812,9.014992109416097e-05,0.14367816091954022,1150
0.04753067016601562,0.14969998598098755,8.949237243556023e-05,0.14992503748125938,1200
0.0477535343170166,0.7823980450630188,8.88348237769595e-05,0.1561719140429785,1250
0.04610653400421143,0.3499523997306824,8.817727511835877e-05,0.16241879060469766,1300
0.04634644508361816,0.14326715469360352,8.751972645975802e-05,0.1686656671664168,1350
0.04569490909576416,0.48649951815605164,8.686217780115728e-05,0.17491254372813594,1400
0.04165591716766357,0.473153293132782,8.620462914255656e-05,0.18115942028985507,1450
0.03952925682067871,0.4112483263015747,8.554708048395582e-05,0.1874062968515742,1500
0.03741144418716431,0.4681566059589386,8.488953182535508e-05,0.19365317341329336,1550
0.03985204219818115,0.05785277485847473,8.423198316675435e-05,0.19990004997501248,1600
0.03611027956008911,0.456515371799469,8.357443450815362e-05,0.20614692653673164,1650
0.036333515644073486,0.11764442175626755,8.291688584955287e-05,0.21239380309845077,1700
0.041669888496398924,0.47887399792671204,8.225933719095213e-05,0.21864067966016992,1750
0.0365016508102417,0.6229075193405151,8.16017885323514e-05,0.22488755622188905,1800
0.0370552396774292,0.5226937532424927,8.094423987375067e-05,0.2311344327836082,1850
0.034699835777282716,0.5100287795066833,8.028669121514992e-05,0.23738130934532733,1900
0.03937669515609741,0.4920331835746765,7.962914255654919e-05,0.2436281859070465,1950
0.03846613883972168,0.5474111437797546,7.897159389794845e-05,0.24987506246876562,2000
0.03408645629882812,0.47676873207092285,7.83140452393477e-05,0.25612193903048475,2050
0.029581892490386962,0.32795530557632446,7.765649658074697e-05,0.2623688155922039,2100
0.03606523990631103,0.4140305817127228,7.699894792214625e-05,0.26861569215392306,2150
0.03225817203521728,0.7321540713310242,7.63413992635455e-05,0.2748625687156422,2200
0.03747577905654907,0.41144073009490967,7.568385060494477e-05,0.2811094452773613,2250
0.028008339405059816,0.030801860615611076,7.502630194634404e-05,0.28735632183908044,2300
0.031192851066589356,0.4705822169780731,7.43687532877433e-05,0.2936031984007996,2350
0.028311402797698976,0.2497016042470932,7.371120462914256e-05,0.29985007496251875,2400
0.03216261863708496,0.40369826555252075,7.305365597054182e-05,0.3060969515242379,2450
0.034726099967956545,0.47825974225997925,7.239610731194109e-05,0.312343828085957,2500
0.03477405309677124,0.45906466245651245,7.173855865334035e-05,0.31859070464767614,2550
0.03213240623474121,0.5648630261421204,7.108100999473961e-05,0.3248375812093953,2600
0.031043906211853028,0.5422212481498718,7.042346133613887e-05,0.33108445777111445,2650
0.030498745441436766,0.5581013560295105,6.976591267753814e-05,0.3373313343328336,2700
0.03325613975524902,0.07697365432977676,6.91083640189374e-05,0.3435782108945527,2750
0.030052435398101807,0.37749624252319336,6.845081536033667e-05,0.3498250874562719,2800
0.02939892768859863,0.3334253132343292,6.779326670173594e-05,0.356071964017991,2850
0.02816770076751709,0.43969041109085083,6.71357180431352e-05,0.36231884057971014,2900
0.028846819400787354,0.4069056212902069,6.647816938453446e-05,0.36856571714142927,2950
0.029029507637023926,0.3131410479545593,6.582062072593372e-05,0.3748125937031484,3000
0.030270164012908937,0.4241863191127777,6.516307206733299e-05,0.3810594702648676,3050
0.028476991653442384,0.45322689414024353,6.450552340873224e-05,0.3873063468265867,3100
0.02891265630722046,0.6097331643104553,6.384797475013151e-05,0.39355322338830584,3150
0.026423110961914062,0.04206123575568199,6.319042609153078e-05,0.39980009995002497,3200
0.02862702131271362,0.37442249059677124,6.253287743293004e-05,0.40604697651174415,3250
0.02495706796646118,0.423738956451416,6.18753287743293e-05,0.4122938530734633,3300
0.028896679878234865,0.3760160505771637,6.121778011572856e-05,0.4185407296351824,3350
0.021817121505737305,0.3490881621837616,6.056023145712783e-05,0.42478760619690153,3400
0.028158187866210938,0.023258622735738754,5.99026827985271e-05,0.43103448275862066,3450
0.027903938293457033,0.26372355222702026,5.924513413992636e-05,0.43728135932033985,3500
0.028894689083099365,0.5293760299682617,5.8587585481325625e-05,0.443528235882059,3550
0.02688785791397095,0.40612706542015076,5.7930036822724885e-05,0.4497751124437781,3600
0.025312926769256592,0.2217172384262085,5.727248816412415e-05,0.45602198900549723,3650
0.028222472667694093,0.4825994670391083,5.661493950552341e-05,0.4622688655672164,3700
0.027352840900421144,0.39262402057647705,5.595739084692268e-05,0.46851574212893554,3750
0.02482039213180542,0.09716937690973282,5.5299842188321937e-05,0.47476261869065467,3800
0.028398358821868898,0.3032453954219818,5.46422935297212e-05,0.4810094952523738,3850
0.026189305782318116,0.44582849740982056,5.398474487112046e-05,0.487256371814093,3900
0.02513601541519165,0.47978055477142334,5.332719621251973e-05,0.4935032483758121,3950
0.025285744667053224,0.3417769968509674,5.266964755391899e-05,0.49975012493753124,4000
0.02560349941253662,0.43183931708335876,5.201209889531825e-05,0.5059970014992504,4050
0.02305236577987671,0.41368284821510315,5.135455023671753e-05,0.5122438780609695,4100
0.025715947151184082,0.3548373579978943,5.069700157811679e-05,0.5184907546226887,4150
0.023432860374450682,0.3585767447948456,5.003945291951605e-05,0.5247376311844077,4200
0.023297500610351563,0.44175130128860474,4.938190426091531e-05,0.5309845077461269,4250
0.02894200325012207,0.427899569272995,4.872435560231457e-05,0.5372313843078461,4300
0.02523090362548828,0.05970940738916397,4.806680694371384e-05,0.5434782608695652,4350
0.023240842819213868,0.28202754259109497,4.74092582851131e-05,0.5497251374312844,4400
0.026441237926483153,0.38315925002098083,4.6751709626512364e-05,0.5559720139930034,4450
0.02597101926803589,0.5277280211448669,4.6094160967911624e-05,0.5622188905547226,4500
0.027234878540039063,0.5239055156707764,4.543661230931089e-05,0.5684657671164418,4550
0.02561541795730591,0.2972923517227173,4.4779063650710156e-05,0.5747126436781609,4600
0.02284207820892334,0.24004074931144714,4.412151499210942e-05,0.5809595202398801,4650
0.025731823444366454,0.2792041301727295,4.346396633350868e-05,0.5872063968015993,4700
0.022879695892333983,0.3331626057624817,4.280641767490794e-05,0.5934532733633183,4750
0.020087263584136962,0.31739914417266846,4.214886901630721e-05,0.5997001499250375,4800
0.02149158239364624,0.26626157760620117,4.149132035770647e-05,0.6059470264867566,4850
0.020162112712860107,0.286345511674881,4.083377169910574e-05,0.6121939030484758,4900
0.02517887592315674,0.4930843114852905,4.0176223040505e-05,0.618440779610195,4950
0.02577629804611206,0.3927381634712219,3.9518674381904266e-05,0.624687656171914,5000
0.0222196102142334,0.3479730784893036,3.8861125723303526e-05,0.6309345327336332,5050
0.023629088401794434,0.45024868845939636,3.820357706470279e-05,0.6371814092953523,5100
0.02387122631072998,0.20315125584602356,3.754602840610205e-05,0.6434282858570715,5150
0.02435991048812866,0.35756826400756836,3.688847974750132e-05,0.6496751624187906,5200
0.023265347480773926,0.19768545031547546,3.6230931088900584e-05,0.6559220389805097,5250
0.023977630138397217,0.20219503343105316,3.5573382430299844e-05,0.6621689155422289,5300
0.022968194484710693,0.4355698525905609,3.491583377169911e-05,0.6684157921039481,5350
0.025224339962005616,0.3662661612033844,3.425828511309837e-05,0.6746626686656672,5400
0.022186009883880614,0.3354552090167999,3.3600736454497636e-05,0.6809095452273863,5450
0.022125513553619386,0.011468973942101002,3.2943187795896895e-05,0.6871564217891054,5500
0.023814752101898193,0.26726311445236206,3.228563913729616e-05,0.6934032983508246,5550
0.023483433723449708,0.3951638638973236,3.162809047869543e-05,0.6996501749125438,5600
0.021470823287963868,0.35480108857154846,3.097054182009469e-05,0.7058970514742628,5650
0.021833662986755372,0.37042611837387085,3.0312993161493953e-05,0.712143928035982,5700
0.02210210084915161,0.21355082094669342,2.9655444502893216e-05,0.7183908045977011,5750
0.022177503108978272,0.2931443154811859,2.899789584429248e-05,0.7246376811594203,5800
0.020228605270385742,0.530811071395874,2.834034718569174e-05,0.7308845577211395,5850
0.022355687618255616,0.4161807894706726,2.768279852709101e-05,0.7371314342828585,5900
0.019200221300125123,0.024458935484290123,2.702524986849027e-05,0.7433783108445777,5950
0.02359175682067871,0.3252356946468353,2.6367701209889534e-05,0.7496251874062968,6000
0.02380129098892212,0.25664302706718445,2.5710152551288797e-05,0.755872063968016,6050
0.01938070058822632,0.21603325009346008,2.505260389268806e-05,0.7621189405297352,6100
0.022692883014678956,0.3640668988227844,2.4395055234087326e-05,0.7683658170914542,6150
0.01934121608734131,0.11297418922185898,2.3737506575486586e-05,0.7746126936531734,6200
0.02199183464050293,0.34461677074432373,2.307995791688585e-05,0.7808595702148926,6250
0.02172748565673828,0.10485198348760605,2.2422409258285115e-05,0.7871064467766117,6300
0.022243311405181886,0.3316841125488281,2.1764860599684378e-05,0.7933533233383309,6350
0.02385627746582031,0.29139015078544617,2.110731194108364e-05,0.7996001999000499,6400
0.020754663944244384,0.436431884765625,2.0449763282482907e-05,0.8058470764617691,6450
0.021228604316711426,0.4183918237686157,1.979221462388217e-05,0.8120939530234883,6500
0.020859436988830568,0.42377716302871704,1.9134665965281433e-05,0.8183408295852074,6550
0.02326267957687378,0.43330395221710205,1.8477117306680696e-05,0.8245877061469266,6600
0.022911398410797118,0.36524417996406555,1.781956864807996e-05,0.8308345827086456,6650
0.01971523404121399,0.4397556781768799,1.716201998947922e-05,0.8370814592703648,6700
0.020287268161773682,0.2744360566139221,1.6504471330878484e-05,0.843328335832084,6750
0.018840419054031374,0.2895643413066864,1.584692267227775e-05,0.8495752123938031,6800
0.015592985153198242,0.38235634565353394,1.5189374013677013e-05,0.8558220889555223,6850
0.020628957748413085,0.29573312401771545,1.4531825355076276e-05,0.8620689655172413,6900
0.021121270656585693,0.3600403368473053,1.3874276696475541e-05,0.8683158420789605,6950
0.018467683792114258,0.30080902576446533,1.3216728037874804e-05,0.8745627186406797,7000
0.01946809411048889,0.4074156582355499,1.2559179379274067e-05,0.8808095952023988,7050
0.02187307357788086,0.4164659082889557,1.1901630720673331e-05,0.887056471764118,7100
0.019358600378036498,0.4083695411682129,1.1244082062072594e-05,0.8933033483258371,7150
0.01844655752182007,0.395709753036499,1.0586533403471857e-05,0.8995502248875562,7200
0.01964760184288025,0.4123954474925995,9.928984744871122e-06,0.9057971014492754,7250
0.01889432668685913,0.3200802505016327,9.271436086270384e-06,0.9120439780109945,7300
0.01924087166786194,0.2776850759983063,8.613887427669647e-06,0.9182908545727136,7350
0.021141777038574217,0.32046234607696533,7.956338769068912e-06,0.9245377311344328,7400
0.02279918670654297,0.39408090710639954,7.298790110468175e-06,0.9307846076961519,7450
0.018152308464050294,0.40595051646232605,6.6412414518674386e-06,0.9370314842578711,7500
0.01589017391204834,0.0854448676109314,5.983692793266702e-06,0.9432783608195902,7550
0.019186538457870484,0.10017304122447968,5.326144134665965e-06,0.9495252373813093,7600
0.02021364212036133,0.36466696858406067,4.668595476065229e-06,0.9557721139430285,7650
0.019712817668914796,0.04545198008418083,4.011046817464493e-06,0.9620189905047476,7700
0.018029173612594606,0.3402795195579529,3.3534981588637564e-06,0.9682658670664668,7750
0.022026753425598143,0.22626589238643646,2.6959495002630197e-06,0.974512743628186,7800
0.019057246446609496,0.032998766750097275,2.038400841662283e-06,0.980759620189905,7850
0.0200068736076355,0.39993205666542053,1.3808521830615467e-06,0.9870064967516242,7900
0.017235260009765625,0.01003069058060646,7.233035244608101e-07,0.9932533733133433,7950
0.01902100920677185,0.2541939318180084,6.575486586007365e-08,0.9995002498750625,8000
