step,loss,masked accuracy,lr
200,8.0428,0.1786,0.00017882562277580073
400,5.7972,0.2674,0.0003567615658362989
600,4.8491,0.3514,0.0004978448275862069
800,4.262,0.4,0.00048650181488203264
1000,3.8996,0.4311,0.0004751588021778585
1200,3.699,0.4462,0.00046381578947368425
1400,3.5485,0.4595,0.00045247277676951
1600,3.4715,0.465,0.0004411297640653358
1800,3.3751,0.4743,0.00042978675136116153
2000,3.3403,0.4753,0.0004184437386569873
2200,3.2804,0.4812,0.00040710072595281303
2400,3.2503,0.4825,0.00039575771324863886
2600,3.196,0.487,0.0003844147005444646
2800,3.1641,0.4906,0.00037307168784029036
3000,3.1444,0.4918,0.0003617286751361162
3200,3.1032,0.4963,0.0003503856624319419
3400,3.102,0.4935,0.0003390426497277677
3600,3.0439,0.503,0.00032769963702359347
3800,3.0394,0.5028,0.00031635662431941925
4000,3.0142,0.5042,0.00030501361161524497
4200,2.9955,0.5064,0.0002936705989110708
4400,2.989,0.5053,0.0002823275862068966
4600,2.9528,0.5106,0.0002709845735027223
4800,2.9526,0.5118,0.00025964156079854813
5000,2.947,0.5104,0.0002482985480943739
5200,2.9204,0.5137,0.00023695553539019966
5400,2.9122,0.5147,0.0002256125226860254
5600,2.9056,0.5147,0.0002142695099818512
5800,2.892,0.5149,0.00020292649727767696
6000,2.8732,0.5185,0.00019158348457350271
6200,2.856,0.5199,0.0001802404718693285
6400,2.8378,0.5222,0.00016889745916515424
6600,2.8181,0.5264,0.00015755444646098005
6800,2.8275,0.5225,0.00014621143375680582
7000,2.8172,0.524,0.00013486842105263157
7200,2.809,0.5256,0.00012352540834845735
7400,2.7923,0.5271,0.00011218239564428311
7600,2.7852,0.5282,0.0001008393829401089
7800,2.7768,0.5282,8.949637023593467e-05
8000,2.78,0.5282,7.815335753176043e-05
8200,2.7677,0.5293,6.681034482758621e-05
8400,2.7622,0.5292,5.546733212341198e-05
8600,2.7752,0.5271,4.412431941923775e-05
8800,2.7278,0.5329,3.278130671506352e-05
9000,2.7513,0.5296,2.1438294010889294e-05
9200,2.7432,0.5319,1.0095281306715065e-05
9378,2.7559,0.5295,0.0
